{
  "IsolationForest": {
    "flagged": 703,
    "flag_rate": 3.52,
    "overlap_fraud": 55,
    "scores_sample": [
      0.4435986614485897,
      0.4435986614485897,
      0.4435986614485897,
      0.4435986614485897,
      0.4435986614485897,
      0.7456489589387769,
      0.4435986614485897,
      0.4435986614485897,
      0.4435986614485897,
      0.4435986614485897,
      0.4435986614485897,
      0.4435986614485897,
      0.4435986614485897,
      0.4435986614485897,
      0.4435986614485897,
      0.4435986614485897,
      0.4435986614485897,
      0.4435986614485897,
      0.4435986614485897,
      0.4435986614485897,
      0.4435986614485897,
      0.4435986614485897,
      0.4435986614485897,
      0.4435986614485897,
      0.4435986614485897,
      0.4435986614485897,
      0.4435986614485897,
      0.4435986614485897,
      0.4435986614485897,
      0.4435986614485897,
      0.4435986614485897,
      0.4435986614485897,
      0.4435986614485897,
      0.4435986614485897,
      0.4435986614485897,
      0.4435986614485897,
      0.4435986614485897,
      0.4435986614485897,
      0.4435986614485897,
      0.4435986614485897,
      0.4435986614485897,
      0.4435986614485897,
      0.4435986614485897,
      0.4435986614485897,
      0.4435986614485897,
      0.4435986614485897,
      0.4435986614485897,
      0.4435986614485897,
      0.4435986614485897,
      0.4435986614485897,
      0.4435986614485897,
      0.4435986614485897,
      0.4435986614485897,
      0.4435986614485897,
      0.4435986614485897,
      0.4435986614485897,
      0.4435986614485897,
      0.4435986614485897,
      0.4435986614485897,
      0.4435986614485897,
      0.4435986614485897,
      0.4435986614485897,
      0.4435986614485897,
      0.4435986614485897,
      0.4435986614485897,
      0.4435986614485897,
      0.4435986614485897,
      0.4435986614485897,
      0.4435986614485897,
      0.4435986614485897,
      0.4435986614485897,
      0.4435986614485897,
      0.4435986614485897,
      0.4435986614485897,
      0.7616661213462028,
      0.4435986614485897,
      0.4435986614485897,
      0.4435986614485897,
      0.4435986614485897,
      0.7456489589387769,
      0.4435986614485897,
      0.4435986614485897,
      0.4435986614485897,
      0.4435986614485897,
      0.4435986614485897,
      0.4435986614485897,
      0.7456489589387769,
      0.4435986614485897,
      0.4435986614485897,
      0.4435986614485897,
      0.4435986614485897,
      0.4435986614485897,
      0.4435986614485897,
      0.4435986614485897,
      0.4435986614485897,
      0.4435986614485897,
      0.4435986614485897,
      0.4435986614485897,
      0.4435986614485897,
      0.4435986614485897,
      0.4435986614485897,
      0.4435986614485897,
      0.4435986614485897,
      0.4435986614485897,
      0.4435986614485897,
      0.4435986614485897,
      0.4435986614485897,
      0.4435986614485897,
      0.4435986614485897,
      0.4435986614485897,
      0.4435986614485897,
      0.4435986614485897,
      0.4435986614485897,
      0.4435986614485897,
      0.4435986614485897,
      0.4435986614485897,
      0.4435986614485897,
      0.4435986614485897,
      0.4435986614485897,
      0.4435986614485897,
      0.4435986614485897,
      0.4435986614485897,
      0.4435986614485897,
      0.4435986614485897,
      0.4435986614485897,
      0.4435986614485897,
      0.4435986614485897,
      0.7616661213462028,
      0.7456489589387769,
      0.4435986614485897,
      0.4435986614485897,
      0.4435986614485897,
      0.4435986614485897,
      0.4435986614485897,
      0.4435986614485897,
      0.4435986614485897,
      0.4435986614485897,
      0.4435986614485897,
      0.4435986614485897,
      0.4435986614485897,
      0.4435986614485897,
      0.4435986614485897,
      0.4435986614485897,
      0.4435986614485897,
      0.4435986614485897,
      0.7456489589387769,
      0.4435986614485897,
      0.4435986614485897,
      0.4435986614485897,
      0.4435986614485897,
      0.4435986614485897,
      0.4435986614485897,
      0.4435986614485897,
      0.4435986614485897,
      0.4435986614485897,
      0.4435986614485897,
      0.4435986614485897,
      0.4435986614485897,
      0.4435986614485897,
      0.4435986614485897,
      0.4435986614485897,
      0.4435986614485897,
      0.4435986614485897,
      0.4435986614485897,
      0.4435986614485897,
      0.4435986614485897,
      0.4435986614485897,
      0.4435986614485897,
      0.4435986614485897,
      0.4435986614485897,
      0.4435986614485897,
      0.4435986614485897,
      0.4435986614485897,
      0.4435986614485897,
      0.7456489589387769,
      0.4435986614485897,
      0.4435986614485897,
      0.4435986614485897,
      0.4435986614485897,
      0.4435986614485897,
      0.4435986614485897,
      0.4435986614485897,
      0.4435986614485897,
      0.4435986614485897,
      0.4435986614485897,
      0.4435986614485897,
      0.4435986614485897,
      0.4435986614485897,
      0.4435986614485897,
      0.4435986614485897,
      0.4435986614485897,
      0.7616661213462028,
      0.4435986614485897,
      0.4435986614485897,
      0.4435986614485897,
      0.4435986614485897,
      0.4435986614485897,
      0.4435986614485897,
      0.4435986614485897,
      0.4435986614485897
    ],
    "color": "#58a6ff"
  },
  "LOF": {
    "flagged": 1,
    "flag_rate": 0.0,
    "overlap_fraud": 0,
    "scores_sample": [
      0.0,
      0.0,
      0.0,
      0.0,
      0.0,
      0.0,
      0.0,
      0.0,
      0.0,
      0.0,
      0.0,
      0.0,
      0.0,
      0.0,
      0.0,
      0.0,
      0.0,
      0.0,
      0.0,
      0.0,
      0.0,
      0.0,
      0.0,
      0.0,
      0.0,
      0.0,
      0.0,
      0.0,
      0.0,
      0.0,
      0.0,
      0.0,
      0.0,
      0.0,
      0.0,
      0.0,
      0.0,
      0.0,
      0.0,
      0.0,
      0.0,
      0.0,
      0.0,
      0.0,
      0.0,
      0.0,
      0.0,
      0.0,
      0.0,
      0.0,
      0.0,
      0.0,
      0.0,
      0.0,
      0.0,
      0.0,
      0.0,
      0.0,
      0.0,
      0.0,
      0.0,
      0.0,
      0.0,
      0.0,
      0.0,
      0.0,
      0.0,
      0.0,
      0.0,
      0.0,
      0.0,
      0.0,
      0.0,
      0.0,
      0.0,
      0.0,
      0.0,
      0.0,
      0.0,
      0.0,
      0.0,
      0.0,
      0.0,
      0.0,
      0.0,
      0.0,
      0.0,
      0.0,
      0.0,
      0.0,
      0.0,
      0.0,
      0.0,
      0.0,
      0.0,
      0.0,
      0.0,
      0.0,
      0.0,
      0.0,
      0.0,
      0.0,
      0.0,
      0.0,
      0.0,
      0.0,
      0.0,
      0.0,
      0.0,
      0.0,
      0.0,
      0.0,
      0.0,
      0.0,
      0.0,
      0.0,
      0.0,
      0.0,
      0.0,
      0.0,
      0.0,
      0.0,
      0.0,
      0.0,
      0.0,
      0.0,
      0.0,
      0.0,
      0.0,
      0.0,
      0.0,
      0.0,
      0.0,
      0.0,
      0.0,
      0.0,
      0.0,
      0.0,
      0.0,
      0.0,
      0.0,
      0.0,
      0.0,
      0.0,
      0.0,
      0.0,
      0.0,
      0.0,
      0.0,
      0.0,
      0.0,
      0.0,
      0.0,
      0.0,
      0.0,
      0.0,
      0.0,
      0.0,
      0.0,
      0.0,
      0.0,
      0.0,
      0.0,
      0.0,
      0.0,
      0.0,
      0.0,
      0.0,
      0.0,
      0.0,
      0.0,
      0.0,
      0.0,
      0.0,
      0.0,
      0.0,
      0.0,
      0.0,
      0.0,
      0.0,
      0.0,
      0.0,
      0.0,
      0.0,
      0.0,
      0.0,
      0.0,
      0.0,
      0.0,
      0.0,
      0.0,
      0.0,
      0.0,
      0.0,
      0.0,
      0.0,
      0.0,
      0.0,
      0.0,
      0.0
    ],
    "color": "#f85149"
  },
  "Autoencoder": {
    "flagged": 703,
    "flag_rate": 3.52,
    "overlap_fraud": 55,